image_name;sign_type
image-0.jpg;OPASNOST
image-1.jpg;OPASNOST
image-2.jpg;OPASNOST
image-3.jpg;OPASNOST
image-4.jpg;OPASNOST
image-5.jpg;OPASNOST
image-6.jpg;OPASNOST
image-7.jpg;OPASNOST
image-8.jpg;OPASNOST
image-9.jpg;OPASNOST
image-10.jpg;OPASNOST
image-11.jpg;OPASNOST
image-12.jpg;OPASNOST
image-13.jpg;OPASNOST
image-14.jpg;OPASNOST
image-15.jpg;OPASNOST
image-16.jpg;OPASNOST
image-17.jpg;OPASNOST
image-18.jpg;ZABRANA
image-19.jpg;ZABRANA
image-20.jpg;ZABRANA
image-21.jpg;ZABRANA
image-22.jpg;ZABRANA
image-23.jpg;ZABRANA
image-24.jpg;ZABRANA
image-25.jpg;ZABRANA
image-26.jpg;ZABRANA
image-27.jpg;ZABRANA
image-28.jpg;ZABRANA
image-29.jpg;ZABRANA
image-30.jpg;ZABRANA
image-31.jpg;ZABRANA
image-32.jpg;ZABRANA
image-33.jpg;ZABRANA
image-34.jpg;ZABRANA
image-35.jpg;ZABRANA
image-36.jpg;ZABRANA
image-37.jpg;ZABRANA
image-38.jpg;ZABRANA
image-39.jpg;ZABRANA
image-40.jpg;ZABRANA
image-41.jpg;ZABRANA
image-42.jpg;ZABRANA
image-43.jpg;ZABRANA
image-44.jpg;ZABRANA
image-45.jpg;ZABRANA
image-46.jpg;ZABRANA
image-47.jpg;ZABRANA
image-48.jpg;ZABRANA
image-49.jpg;ZABRANA
image-50.jpg;ZABRANA
image-51.jpg;ZABRANA
image-52.jpg;ZABRANA
image-53.jpg;ZABRANA
image-54.jpg;ZABRANA
image-55.jpg;ZABRANA
image-56.jpg;ZABRANA
image-57.jpg;ZABRANA
image-58.jpg;ZABRANA
image-59.jpg;ZABRANA
image-60.jpg;ZABRANA
image-61.jpg;ZABRANA
image-62.jpg;ZABRANA
image-63.jpg;ZABRANA
image-64.jpg;ZABRANA
image-65.jpg;OPASNOST
image-66.jpg;OPASNOST
image-67.jpg;OPASNOST
image-68.jpg;ZABRANA
image-69.jpg;ZABRANA
image-70.jpg;ZABRANA
image-71.jpg;ZABRANA
image-72.jpg;ZABRANA
image-73.jpg;ZABRANA
image-74.jpg;ZABRANA
image-75.jpg;ZABRANA
image-76.jpg;ZABRANA
image-77.jpg;ZABRANA
image-78.jpg;ZABRANA
image-79.jpg;ZABRANA
image-80.jpg;ZABRANA
image-81.jpg;ZABRANA
image-82.jpg;ZABRANA
image-83.jpg;ZABRANA
image-84.jpg;ZABRANA
image-85.jpg;ZABRANA
image-86.jpg;ZABRANA
image-87.jpg;ZABRANA
image-88.jpg;ZABRANA
image-89.jpg;ZABRANA
image-90.jpg;ZABRANA
image-91.jpg;ZABRANA
image-92.jpg;ZABRANA
image-93.jpg;ZABRANA
image-94.jpg;ZABRANA
image-95.jpg;ZABRANA
image-96.jpg;ZABRANA
image-97.jpg;ZABRANA
image-98.jpg;ZABRANA
image-99.jpg;ZABRANA
image-100.jpg;ZABRANA
image-101.jpg;ZABRANA
image-102.jpg;ZABRANA
image-103.jpg;ZABRANA
image-104.jpg;ZABRANA
image-105.jpg;ZABRANA
image-106.jpg;ZABRANA
image-107.jpg;ZABRANA
image-108.jpg;ZABRANA
image-109.jpg;ZABRANA
image-110.jpg;ZABRANA
image-111.jpg;ZABRANA
image-112.jpg;ZABRANA
image-113.jpg;ZABRANA
image-114.jpg;ZABRANA
image-115.jpg;ZABRANA
image-116.jpg;ZABRANA
image-117.jpg;ZABRANA
image-118.jpg;ZABRANA
image-119.jpg;ZABRANA
image-120.jpg;ZABRANA
image-121.jpg;ZABRANA
image-122.jpg;ZABRANA
image-123.jpg;ZABRANA
image-124.jpg;ZABRANA
image-125.jpg;ZABRANA
image-126.jpg;ZABRANA
image-127.jpg;ZABRANA
image-128.jpg;ZABRANA
image-129.jpg;ZABRANA
image-130.jpg;ZABRANA
image-131.jpg;OPASNOST
image-132.jpg;OPASNOST
image-133.jpg;OPASNOST
image-134.jpg;OPASNOST
image-135.jpg;OPASNOST
image-136.jpg;OPASNOST
image-137.jpg;OPASNOST
image-138.jpg;OPASNOST
image-139.jpg;OPASNOST
image-140.jpg;OPASNOST
image-141.jpg;OPASNOST
image-142.jpg;OPASNOST
image-143.jpg;OPASNOST
image-144.jpg;ZABRANA
image-145.jpg;ZABRANA
image-146.jpg;ZABRANA
image-147.jpg;ZABRANA
image-148.jpg;ZABRANA
image-149.jpg;ZABRANA
image-150.jpg;ZABRANA
image-151.jpg;ZABRANA
image-152.jpg;ZABRANA
image-153.jpg;ZABRANA
image-154.jpg;ZABRANA
image-155.jpg;ZABRANA
image-156.jpg;ZABRANA
image-157.jpg;ZABRANA
image-158.jpg;ZABRANA
image-159.jpg;ZABRANA
image-160.jpg;ZABRANA
image-161.jpg;OBAVEZNO_KRETANJE
image-162.jpg;OBAVEZNO_KRETANJE
image-163.jpg;OBAVEZNO_KRETANJE
image-164.jpg;OBAVEZNO_KRETANJE
image-165.jpg;OBAVEZNO_KRETANJE
image-166.jpg;OBAVEZNO_KRETANJE
image-167.jpg;OBAVEZNO_KRETANJE
image-168.jpg;OBAVEZNO_KRETANJE
image-169.jpg;OBAVEZNO_KRETANJE
image-170.jpg;DRUGI
image-171.jpg;DRUGI
image-172.jpg;DRUGI
image-173.jpg;DRUGI
image-174.jpg;DRUGI
image-175.jpg;DRUGI
image-176.jpg;DRUGI
image-177.jpg;DRUGI
image-178.jpg;DRUGI
image-179.jpg;DRUGI
image-180.jpg;DRUGI
image-181.jpg;DRUGI
image-182.jpg;DRUGI
image-183.jpg;DRUGI
image-184.jpg;DRUGI
image-185.jpg;DRUGI
image-186.jpg;DRUGI
image-187.jpg;DRUGI
image-188.jpg;DRUGI
image-189.jpg;DRUGI
image-190.jpg;DRUGI
image-191.jpg;DRUGI
image-192.jpg;OPASNOST
image-193.jpg;OPASNOST
image-194.jpg;OPASNOST
image-195.jpg;OPASNOST
image-196.jpg;OPASNOST
image-197.jpg;OPASNOST
image-198.jpg;ZABRANA
image-199.jpg;ZABRANA
image-200.jpg;ZABRANA
image-201.jpg;ZABRANA
image-202.jpg;ZABRANA
image-203.jpg;ZABRANA
image-204.jpg;ZABRANA
image-205.jpg;ZABRANA
image-206.jpg;ZABRANA
image-207.jpg;ZABRANA
image-208.jpg;ZABRANA
image-209.jpg;ZABRANA
image-210.jpg;ZABRANA
image-211.jpg;ZABRANA
image-212.jpg;ZABRANA
image-213.jpg;ZABRANA
image-214.jpg;ZABRANA
image-215.jpg;ZABRANA
image-216.jpg;ZABRANA
image-217.jpg;ZABRANA
image-218.jpg;ZABRANA
image-219.jpg;ZABRANA
image-220.jpg;ZABRANA
image-221.jpg;ZABRANA
image-222.jpg;ZABRANA
image-223.jpg;ZABRANA
image-224.jpg;ZABRANA
image-225.jpg;ZABRANA
image-226.jpg;ZABRANA
image-227.jpg;ZABRANA
image-228.jpg;ZABRANA
image-229.jpg;OPASNOST
image-230.jpg;OPASNOST
image-231.jpg;OPASNOST
image-232.jpg;OPASNOST
image-233.jpg;OPASNOST
image-234.jpg;DRUGI
image-235.jpg;DRUGI
image-236.jpg;DRUGI
image-237.jpg;DRUGI
image-238.jpg;DRUGI
image-239.jpg;DRUGI
image-240.jpg;DRUGI
image-241.jpg;DRUGI
image-242.jpg;DRUGI
image-243.jpg;DRUGI
image-244.jpg;DRUGI
image-245.jpg;DRUGI
image-246.jpg;DRUGI
image-247.jpg;DRUGI
image-248.jpg;DRUGI
image-249.jpg;DRUGI
image-250.jpg;DRUGI
image-251.jpg;DRUGI
image-252.jpg;DRUGI
image-253.jpg;DRUGI
image-254.jpg;DRUGI
image-255.jpg;DRUGI
image-256.jpg;DRUGI
image-257.jpg;DRUGI
image-258.jpg;DRUGI
image-259.jpg;OPASNOST
image-260.jpg;OPASNOST
image-261.jpg;OPASNOST
image-262.jpg;OPASNOST
image-263.jpg;OPASNOST
image-264.jpg;OPASNOST
image-265.jpg;OPASNOST
image-266.jpg;OPASNOST
image-267.jpg;OPASNOST
image-268.jpg;OPASNOST
image-269.jpg;OPASNOST
image-270.jpg;OPASNOST
image-271.jpg;OPASNOST
image-272.jpg;OPASNOST
image-273.jpg;OPASNOST
image-274.jpg;OPASNOST
image-275.jpg;OPASNOST
image-276.jpg;OPASNOST
image-277.jpg;OPASNOST
image-278.jpg;OPASNOST
image-279.jpg;OPASNOST
image-280.jpg;OPASNOST
image-281.jpg;OPASNOST
image-282.jpg;OPASNOST
image-283.jpg;OPASNOST
image-284.jpg;OPASNOST
image-285.jpg;OPASNOST
image-286.jpg;OPASNOST
image-287.jpg;OPASNOST
image-288.jpg;OPASNOST
image-289.jpg;OPASNOST
image-290.jpg;OPASNOST
image-291.jpg;OPASNOST
image-292.jpg;OPASNOST
image-293.jpg;OPASNOST
image-294.jpg;OPASNOST
image-295.jpg;OPASNOST
image-296.jpg;OPASNOST
image-297.jpg;OPASNOST
image-298.jpg;OPASNOST
image-299.jpg;OPASNOST
image-300.jpg;OPASNOST
image-301.jpg;OPASNOST
image-302.jpg;OPASNOST
image-303.jpg;OPASNOST
image-304.jpg;OPASNOST
image-305.jpg;OPASNOST
image-306.jpg;OPASNOST
image-307.jpg;DRUGI
image-308.jpg;DRUGI
image-309.jpg;DRUGI
image-310.jpg;DRUGI
image-311.jpg;DRUGI
image-312.jpg;DRUGI
image-313.jpg;DRUGI
image-314.jpg;OBAVEZNO_KRETANJE
image-315.jpg;OBAVEZNO_KRETANJE
image-316.jpg;OBAVEZNO_KRETANJE
image-317.jpg;OBAVEZNO_KRETANJE
image-318.jpg;OPASNOST
image-319.jpg;OPASNOST
image-320.jpg;OPASNOST
image-321.jpg;OPASNOST
image-322.jpg;OPASNOST
image-323.jpg;OPASNOST
image-324.jpg;OPASNOST
image-325.jpg;OPASNOST
image-326.jpg;OPASNOST
image-327.jpg;OPASNOST
image-328.jpg;OPASNOST
image-329.jpg;OPASNOST
image-330.jpg;OPASNOST
image-331.jpg;OPASNOST
image-332.jpg;OPASNOST
image-333.jpg;OPASNOST
image-334.jpg;OPASNOST
image-335.jpg;OPASNOST
image-336.jpg;OPASNOST
image-337.jpg;OPASNOST
image-338.jpg;OPASNOST
image-339.jpg;OPASNOST
image-340.jpg;OPASNOST
image-341.jpg;OPASNOST
image-342.jpg;OPASNOST
image-343.jpg;OPASNOST
image-344.jpg;OPASNOST
image-345.jpg;OPASNOST
image-346.jpg;OPASNOST
image-347.jpg;OPASNOST
image-348.jpg;OPASNOST
image-349.jpg;OPASNOST
image-350.jpg;OPASNOST
image-351.jpg;OPASNOST
image-352.jpg;OPASNOST
image-353.jpg;ZABRANA
image-354.jpg;ZABRANA
image-355.jpg;ZABRANA
image-356.jpg;ZABRANA
image-357.jpg;ZABRANA
image-358.jpg;ZABRANA
image-359.jpg;ZABRANA
image-360.jpg;ZABRANA
image-361.jpg;ZABRANA
image-362.jpg;ZABRANA
image-363.jpg;ZABRANA
image-364.jpg;ZABRANA
image-365.jpg;ZABRANA
image-366.jpg;ZABRANA
image-367.jpg;ZABRANA
image-368.jpg;ZABRANA
image-369.jpg;ZABRANA
image-370.jpg;ZABRANA
image-371.jpg;ZABRANA
image-372.jpg;ZABRANA
image-373.jpg;ZABRANA
image-374.jpg;ZABRANA
image-375.jpg;ZABRANA
image-376.jpg;ZABRANA
image-377.jpg;ZABRANA
image-378.jpg;ZABRANA
image-379.jpg;ZABRANA
image-380.jpg;ZABRANA
image-381.jpg;ZABRANA
image-382.jpg;ZABRANA
image-383.jpg;ZABRANA
image-384.jpg;ZABRANA
image-385.jpg;OBAVEZNO_KRETANJE
image-386.jpg;OBAVEZNO_KRETANJE
image-387.jpg;OBAVEZNO_KRETANJE
image-388.jpg;OBAVEZNO_KRETANJE
image-389.jpg;OBAVEZNO_KRETANJE
image-390.jpg;OBAVEZNO_KRETANJE
image-391.jpg;OBAVEZNO_KRETANJE
image-392.jpg;OBAVEZNO_KRETANJE
image-393.jpg;OBAVEZNO_KRETANJE
image-394.jpg;OBAVEZNO_KRETANJE
image-395.jpg;OBAVEZNO_KRETANJE
image-396.jpg;OBAVEZNO_KRETANJE
image-397.jpg;OBAVEZNO_KRETANJE
image-398.jpg;OBAVEZNO_KRETANJE
image-399.jpg;OBAVEZNO_KRETANJE
image-400.jpg;OBAVEZNO_KRETANJE
image-401.jpg;OBAVEZNO_KRETANJE
image-402.jpg;OBAVEZNO_KRETANJE
image-403.jpg;OBAVEZNO_KRETANJE
image-404.jpg;OBAVEZNO_KRETANJE
image-405.jpg;OBAVEZNO_KRETANJE
image-406.jpg;OBAVEZNO_KRETANJE
image-407.jpg;OBAVEZNO_KRETANJE
image-408.jpg;OBAVEZNO_KRETANJE
image-409.jpg;OBAVEZNO_KRETANJE
image-410.jpg;OBAVEZNO_KRETANJE
image-411.jpg;OBAVEZNO_KRETANJE
image-412.jpg;OBAVEZNO_KRETANJE
image-413.jpg;OBAVEZNO_KRETANJE
image-414.jpg;OBAVEZNO_KRETANJE
image-415.jpg;OBAVEZNO_KRETANJE
image-416.jpg;OBAVEZNO_KRETANJE
image-417.jpg;OBAVEZNO_KRETANJE
image-418.jpg;OBAVEZNO_KRETANJE
image-419.jpg;OBAVEZNO_KRETANJE
image-420.jpg;OBAVEZNO_KRETANJE
image-421.jpg;OBAVEZNO_KRETANJE
image-422.jpg;OBAVEZNO_KRETANJE
image-423.jpg;OBAVEZNO_KRETANJE
image-424.jpg;OBAVEZNO_KRETANJE
image-425.jpg;OBAVEZNO_KRETANJE
image-426.jpg;OBAVEZNO_KRETANJE
image-427.jpg;OBAVEZNO_KRETANJE
image-428.jpg;OBAVEZNO_KRETANJE
image-429.jpg;OBAVEZNO_KRETANJE
image-430.jpg;OBAVEZNO_KRETANJE
image-431.jpg;OBAVEZNO_KRETANJE
image-432.jpg;OBAVEZNO_KRETANJE
image-433.jpg;OBAVEZNO_KRETANJE
image-434.jpg;OBAVEZNO_KRETANJE
image-435.jpg;OBAVEZNO_KRETANJE
image-436.jpg;OBAVEZNO_KRETANJE
image-437.jpg;OBAVEZNO_KRETANJE
image-438.jpg;OBAVEZNO_KRETANJE
image-439.jpg;OBAVEZNO_KRETANJE
image-440.jpg;OBAVEZNO_KRETANJE
image-441.jpg;OBAVEZNO_KRETANJE
image-442.jpg;OBAVEZNO_KRETANJE
image-443.jpg;OBAVEZNO_KRETANJE
image-444.jpg;OBAVEZNO_KRETANJE
image-445.jpg;OBAVEZNO_KRETANJE
image-446.jpg;OBAVEZNO_KRETANJE
image-447.jpg;OBAVEZNO_KRETANJE
image-448.jpg;OBAVEZNO_KRETANJE
image-449.jpg;OBAVEZNO_KRETANJE
image-450.jpg;DRUGI
image-451.jpg;DRUGI
image-452.jpg;DRUGI
image-453.jpg;DRUGI
image-454.jpg;DRUGI
image-455.jpg;DRUGI
image-456.jpg;DRUGI
image-457.jpg;DRUGI
image-458.jpg;DRUGI
image-459.jpg;DRUGI
image-460.jpg;DRUGI
image-461.jpg;DRUGI
image-462.jpg;DRUGI
image-463.jpg;DRUGI
image-464.jpg;DRUGI
image-465.jpg;DRUGI
image-466.jpg;DRUGI
image-467.jpg;ZABRANA
image-468.jpg;ZABRANA
image-469.jpg;ZABRANA
image-470.jpg;ZABRANA
image-471.jpg;ZABRANA
image-472.jpg;ZABRANA
image-473.jpg;ZABRANA
image-474.jpg;ZABRANA
image-475.jpg;ZABRANA
image-476.jpg;ZABRANA
image-477.jpg;ZABRANA
image-478.jpg;ZABRANA
image-479.jpg;ZABRANA
image-480.jpg;ZABRANA
image-481.jpg;ZABRANA
image-482.jpg;ZABRANA
image-483.jpg;ZABRANA
image-484.jpg;ZABRANA
image-485.jpg;ZABRANA
image-486.jpg;ZABRANA
image-487.jpg;ZABRANA
image-488.jpg;ZABRANA
image-489.jpg;ZABRANA
image-490.jpg;ZABRANA
image-491.jpg;ZABRANA
image-492.jpg;ZABRANA
image-493.jpg;ZABRANA
image-494.jpg;ZABRANA
image-495.jpg;ZABRANA
image-496.jpg;ZABRANA
image-497.jpg;ZABRANA
image-498.jpg;ZABRANA
image-499.jpg;ZABRANA
image-500.jpg;ZABRANA
image-501.jpg;ZABRANA
image-502.jpg;ZABRANA
image-503.jpg;ZABRANA
image-504.jpg;ZABRANA
image-505.jpg;ZABRANA
image-506.jpg;ZABRANA
image-507.jpg;ZABRANA
image-508.jpg;ZABRANA
image-509.jpg;ZABRANA
image-510.jpg;ZABRANA
image-511.jpg;ZABRANA
image-512.jpg;ZABRANA
image-513.jpg;ZABRANA
image-514.jpg;ZABRANA
image-515.jpg;ZABRANA
image-516.jpg;ZABRANA
image-517.jpg;ZABRANA
image-518.jpg;ZABRANA
image-519.jpg;ZABRANA
image-520.jpg;ZABRANA
image-521.jpg;ZABRANA
image-522.jpg;ZABRANA
image-523.jpg;ZABRANA
image-524.jpg;ZABRANA
image-525.jpg;ZABRANA
image-526.jpg;ZABRANA
image-527.jpg;ZABRANA
image-528.jpg;ZABRANA
image-529.jpg;ZABRANA
image-530.jpg;ZABRANA
image-531.jpg;ZABRANA
image-532.jpg;ZABRANA
image-533.jpg;ZABRANA
image-534.jpg;ZABRANA
image-535.jpg;ZABRANA
image-536.jpg;ZABRANA
image-537.jpg;ZABRANA
image-538.jpg;ZABRANA
image-539.jpg;ZABRANA
image-540.jpg;ZABRANA
image-541.jpg;ZABRANA
image-542.jpg;ZABRANA
image-543.jpg;ZABRANA
image-544.jpg;ZABRANA
image-545.jpg;ZABRANA
image-546.jpg;ZABRANA
image-547.jpg;ZABRANA
image-548.jpg;ZABRANA
image-549.jpg;ZABRANA
image-550.jpg;ZABRANA
image-551.jpg;ZABRANA
image-552.jpg;ZABRANA
image-553.jpg;ZABRANA
image-554.jpg;ZABRANA
image-555.jpg;ZABRANA
image-556.jpg;ZABRANA
image-557.jpg;ZABRANA
image-558.jpg;ZABRANA
image-559.jpg;ZABRANA
image-560.jpg;ZABRANA
image-561.jpg;ZABRANA
image-562.jpg;ZABRANA
image-563.jpg;OBAVEZNO_KRETANJE
image-564.jpg;OBAVEZNO_KRETANJE
image-565.jpg;OBAVEZNO_KRETANJE
image-566.jpg;OBAVEZNO_KRETANJE
image-567.jpg;OBAVEZNO_KRETANJE
image-568.jpg;OBAVEZNO_KRETANJE
image-569.jpg;OBAVEZNO_KRETANJE
image-570.jpg;OBAVEZNO_KRETANJE
image-571.jpg;OBAVEZNO_KRETANJE
image-572.jpg;OBAVEZNO_KRETANJE
image-573.jpg;OBAVEZNO_KRETANJE
image-574.jpg;OBAVEZNO_KRETANJE
image-575.jpg;OBAVEZNO_KRETANJE
image-576.jpg;OBAVEZNO_KRETANJE
image-577.jpg;OBAVEZNO_KRETANJE
image-578.jpg;OBAVEZNO_KRETANJE
image-579.jpg;ZABRANA
image-580.jpg;ZABRANA
image-581.jpg;ZABRANA
image-582.jpg;ZABRANA
image-583.jpg;ZABRANA
image-584.jpg;ZABRANA
image-585.jpg;ZABRANA
image-586.jpg;ZABRANA
image-587.jpg;ZABRANA
image-588.jpg;ZABRANA
image-589.jpg;ZABRANA
image-590.jpg;ZABRANA
image-591.jpg;ZABRANA
image-592.jpg;ZABRANA
image-593.jpg;ZABRANA
image-594.jpg;ZABRANA
image-595.jpg;ZABRANA
image-596.jpg;ZABRANA
image-597.jpg;ZABRANA
image-598.jpg;ZABRANA
image-599.jpg;ZABRANA
image-600.jpg;DRUGI
image-601.jpg;DRUGI
image-602.jpg;DRUGI
image-603.jpg;DRUGI
image-604.jpg;DRUGI
image-605.jpg;DRUGI
image-606.jpg;DRUGI
image-607.jpg;DRUGI
image-608.jpg;DRUGI
image-609.jpg;DRUGI
image-610.jpg;DRUGI
image-611.jpg;DRUGI
image-612.jpg;DRUGI
image-613.jpg;DRUGI
image-614.jpg;DRUGI
image-615.jpg;DRUGI
image-616.jpg;DRUGI
image-617.jpg;DRUGI
image-618.jpg;DRUGI
image-619.jpg;DRUGI
image-620.jpg;DRUGI
image-621.jpg;DRUGI
image-622.jpg;DRUGI
image-623.jpg;DRUGI
image-624.jpg;DRUGI
image-625.jpg;DRUGI
image-626.jpg;DRUGI
image-627.jpg;DRUGI
image-628.jpg;DRUGI
image-629.jpg;DRUGI
image-630.jpg;DRUGI
image-631.jpg;DRUGI
image-632.jpg;DRUGI
image-633.jpg;DRUGI
image-634.jpg;DRUGI
image-635.jpg;DRUGI
image-636.jpg;DRUGI
image-637.jpg;DRUGI
image-638.jpg;DRUGI
image-639.jpg;DRUGI
image-640.jpg;DRUGI
image-641.jpg;DRUGI
image-642.jpg;DRUGI
image-643.jpg;DRUGI
image-644.jpg;DRUGI
image-645.jpg;DRUGI
image-646.jpg;DRUGI
image-647.jpg;DRUGI
image-648.jpg;DRUGI
image-649.jpg;DRUGI
image-650.jpg;DRUGI
image-651.jpg;DRUGI
image-652.jpg;DRUGI
image-653.jpg;DRUGI
image-654.jpg;DRUGI
image-655.jpg;DRUGI
image-656.jpg;DRUGI
image-657.jpg;DRUGI
image-658.jpg;DRUGI
image-659.jpg;DRUGI
image-660.jpg;DRUGI
image-661.jpg;DRUGI
image-662.jpg;DRUGI
image-663.jpg;ZABRANA
image-664.jpg;ZABRANA
image-665.jpg;ZABRANA
image-666.jpg;ZABRANA
image-667.jpg;ZABRANA
image-668.jpg;ZABRANA
image-669.jpg;ZABRANA
image-670.jpg;ZABRANA
image-671.jpg;ZABRANA
image-672.jpg;ZABRANA
image-673.jpg;ZABRANA
image-674.jpg;ZABRANA
image-675.jpg;ZABRANA
image-676.jpg;ZABRANA
image-677.jpg;ZABRANA
image-678.jpg;ZABRANA
image-679.jpg;ZABRANA
image-680.jpg;ZABRANA
image-681.jpg;ZABRANA
image-682.jpg;ZABRANA
image-683.jpg;ZABRANA
image-684.jpg;ZABRANA
image-685.jpg;ZABRANA
image-686.jpg;ZABRANA
image-687.jpg;ZABRANA
image-688.jpg;ZABRANA
image-689.jpg;ZABRANA
image-690.jpg;ZABRANA
image-691.jpg;ZABRANA
image-692.jpg;ZABRANA
image-693.jpg;ZABRANA
image-694.jpg;ZABRANA
image-695.jpg;ZABRANA
image-696.jpg;ZABRANA
image-697.jpg;ZABRANA
image-698.jpg;ZABRANA
image-699.jpg;ZABRANA
image-700.jpg;ZABRANA
image-701.jpg;ZABRANA
image-702.jpg;ZABRANA
image-703.jpg;ZABRANA
image-704.jpg;ZABRANA
image-705.jpg;ZABRANA
image-706.jpg;ZABRANA
image-707.jpg;ZABRANA
image-708.jpg;ZABRANA
image-709.jpg;ZABRANA
image-710.jpg;ZABRANA
image-711.jpg;OBAVEZNO_KRETANJE
image-712.jpg;OBAVEZNO_KRETANJE
image-713.jpg;OBAVEZNO_KRETANJE
image-714.jpg;OBAVEZNO_KRETANJE
image-715.jpg;OBAVEZNO_KRETANJE
image-716.jpg;OBAVEZNO_KRETANJE
image-717.jpg;OBAVEZNO_KRETANJE
image-718.jpg;OBAVEZNO_KRETANJE
image-719.jpg;OBAVEZNO_KRETANJE
image-720.jpg;OBAVEZNO_KRETANJE
image-721.jpg;OBAVEZNO_KRETANJE
image-722.jpg;OBAVEZNO_KRETANJE
image-723.jpg;OBAVEZNO_KRETANJE
image-724.jpg;ZABRANA
image-725.jpg;ZABRANA
image-726.jpg;ZABRANA
image-727.jpg;ZABRANA
image-728.jpg;OPASNOST
image-729.jpg;ZABRANA
image-730.jpg;ZABRANA
image-731.jpg;ZABRANA
image-732.jpg;ZABRANA
image-733.jpg;ZABRANA
image-734.jpg;ZABRANA
image-735.jpg;ZABRANA
image-736.jpg;ZABRANA
image-737.jpg;ZABRANA
image-738.jpg;ZABRANA
image-739.jpg;ZABRANA
image-740.jpg;ZABRANA
image-741.jpg;ZABRANA
image-742.jpg;ZABRANA
image-743.jpg;ZABRANA
image-744.jpg;ZABRANA
image-745.jpg;ZABRANA
image-746.jpg;ZABRANA
image-747.jpg;ZABRANA
image-748.jpg;ZABRANA
image-749.jpg;ZABRANA
image-750.jpg;ZABRANA
image-751.jpg;ZABRANA
image-752.jpg;ZABRANA
image-753.jpg;ZABRANA
image-754.jpg;ZABRANA
image-755.jpg;ZABRANA
image-756.jpg;ZABRANA
image-757.jpg;ZABRANA
image-758.jpg;ZABRANA
image-759.jpg;ZABRANA
image-760.jpg;ZABRANA
image-761.jpg;ZABRANA
image-762.jpg;ZABRANA
image-763.jpg;ZABRANA
image-764.jpg;ZABRANA
image-765.jpg;ZABRANA
image-766.jpg;OBAVEZNO_KRETANJE
image-767.jpg;OBAVEZNO_KRETANJE
image-768.jpg;OBAVEZNO_KRETANJE
image-769.jpg;OBAVEZNO_KRETANJE
image-770.jpg;OBAVEZNO_KRETANJE
image-771.jpg;OBAVEZNO_KRETANJE
image-772.jpg;OBAVEZNO_KRETANJE
image-773.jpg;OBAVEZNO_KRETANJE
image-774.jpg;DRUGI
image-775.jpg;DRUGI
image-776.jpg;DRUGI
image-777.jpg;DRUGI
image-778.jpg;DRUGI
image-779.jpg;DRUGI
image-780.jpg;DRUGI
image-781.jpg;DRUGI
image-782.jpg;DRUGI
image-783.jpg;DRUGI
image-784.jpg;DRUGI
image-785.jpg;DRUGI
image-786.jpg;DRUGI
image-787.jpg;DRUGI
image-788.jpg;DRUGI
image-789.jpg;DRUGI
image-790.jpg;DRUGI
image-791.jpg;DRUGI
image-792.jpg;DRUGI
image-793.jpg;DRUGI
image-794.jpg;DRUGI
image-795.jpg;DRUGI
image-796.jpg;DRUGI
image-797.jpg;DRUGI
image-798.jpg;DRUGI
image-799.jpg;DRUGI
image-800.jpg;DRUGI
image-801.jpg;DRUGI
image-802.jpg;DRUGI
image-803.jpg;DRUGI
image-804.jpg;DRUGI
image-805.jpg;DRUGI
image-806.jpg;DRUGI
image-807.jpg;DRUGI
image-808.jpg;DRUGI
image-809.jpg;DRUGI
image-810.jpg;DRUGI
image-811.jpg;DRUGI
image-812.jpg;DRUGI
image-813.jpg;DRUGI
image-814.jpg;DRUGI
image-815.jpg;DRUGI
image-816.jpg;DRUGI
image-817.jpg;DRUGI
image-818.jpg;DRUGI
image-819.jpg;DRUGI
image-820.jpg;DRUGI
image-821.jpg;DRUGI
image-822.jpg;DRUGI
image-823.jpg;DRUGI
image-824.jpg;DRUGI
image-825.jpg;DRUGI
image-826.jpg;OPASNOST
image-827.jpg;OPASNOST
image-828.jpg;OPASNOST
image-829.jpg;OPASNOST
image-830.jpg;OPASNOST
image-831.jpg;OPASNOST
image-832.jpg;OPASNOST
image-833.jpg;OPASNOST
image-834.jpg;OPASNOST
image-835.jpg;OPASNOST
image-836.jpg;OPASNOST
image-837.jpg;OPASNOST
image-838.jpg;OPASNOST
image-839.jpg;OPASNOST
image-840.jpg;OPASNOST
image-841.jpg;OPASNOST
image-842.jpg;OPASNOST
image-843.jpg;OPASNOST
image-844.jpg;OPASNOST
image-845.jpg;OPASNOST
image-846.jpg;OPASNOST
image-847.jpg;OPASNOST
image-848.jpg;OPASNOST
image-849.jpg;OPASNOST
image-850.jpg;OPASNOST
image-851.jpg;OPASNOST
image-852.jpg;OPASNOST
